idkec;nmkec;residential;secondary;service;tertiary;track;unclassified;living_street;footway;path;motorway;motorway_link;services;trunk;trunk_link;primary;proposed;construction;secondary_link;primary_link;tertiary_link;pedestrian;raceway;cycleway;steps;corridor
1601052;LENGKITI;18908.176;30047.105;47388.318;15601.426;135760.32;62511.39;0;0;0;0;0;0;0;0;0;0;0;0;0;0;0;0;0;0;0
1601070;SOSOH BUAY RAYAP;32339.765;27267.761;9944.621;15166.914;34889.928;10470.393;254.691;0;0;0;0;0;0;0;0;0;0;0;0;0;0;0;0;0;0
1601080;PENGANDONAN;5289.812;0;941.131;38799.525;707.013;37482.763;0;0;0;0;0;0;29001.094;0;0;0;0;0;0;0;0;0;0;0;0
1601081;SEMIDANG AJI;61979.125;0;62635.578;0;61777.818;156181.394;1807.986;0;518.724;0;0;0;30971.936;0;0;0;0;0;0;0;0;0;0;0;0
1601082;ULU OGAN;6526.803;0;6559.303;39709.623;9780.193;51983.867;0;0;0;0;0;0;0;0;0;0;0;0;0;0;0;0;0;0;0
1601083;MUARA JAYA;7732.762;0;319.872;0;432.945;5582.029;0;0;0;0;0;0;0;0;0;0;0;0;0;0;0;0;0;0;0
1601090;PENINJAUAN;101093.777;0;32063.35;46330.397;51545.555;321693.799;0;0;98.189;0;0;0;0;0;0;0;0;0;0;0;0;0;0;0;0
1601091;LUBUK BATANG;88543.06;0;127724.831;45774.93;238338.508;154981.41;292.459;0;0;0;0;0;0;0;34064.803;0;0;0;42.157;0;0;0;0;0;0
1601092;SINAR PENINJAUAN;105018.041;0;0;0;1260.832;78221.032;0;0;0;0;0;0;0;0;0;0;0;0;0;0;0;0;0;0;0
1601093;KEDATON PENINJAUAN RAYA;17355.388;0;12918.753;16095.594;0;156627.807;0;0;0;0;0;0;0;0;0;0;0;0;0;0;0;0;0;0;0
1601130;BATU RAJA TIMUR;312219.608;7214.407;39409.241;18430.795;52248.853;58872.503;1840.879;0;1027.004;0;0;0;35517.089;0;5356.593;0;0;0;0;0;0;0;0;0;0
1601131;LUBUK RAJA;131737.242;0;1489.098;0;7598.384;64263.131;0;0;0;0;0;0;8102.052;0;0;0;0;0;0;0;0;0;0;0;0
1601140;BATU RAJA BARAT;73115.649;15996.791;119502.187;6476.734;61524.817;5055.443;1872.679;0;388.322;0;0;0;16802.352;34.639;0;0;0;0;0;0;0;0;0;0;0
1602010;LEMPUING;271815.717;58986.87;39707.621;80123.821;4283.343;73269.487;0;0;289.113;0;0;0;48990.29;0;0;0;0;0;0;0;0;0;0;0;0
1602011;LEMPUING JAYA;249965.074;0;12906.253;77907.171;896073.001;130039.143;0;0;37120.811;31337.328;0;0;47291.922;0;0;0;0;0;0;0;0;0;0;0;0
1602020;MESUJI;245135.511;0;27079.985;15133.796;5447.693;161754.8;0;0;193.431;62626.503;0;0;15982.002;0;0;0;0;0;0;0;0;0;0;0;0
1602021;SUNGAI MENANG;228572.221;31432.217;89918.686;89996.412;43667.01;138581.777;0;0;2177.769;0;0;0;0;0;0;0;0;0;0;0;0;0;0;0;0
1602022;MESUJI MAKMUR;356182.821;34864.32;8137.641;100183.278;21625.991;59984.888;0;0;218.803;0;0;0;0;0;0;0;0;0;0;0;0;0;0;0;0
1602023;MESUJI RAYA;246906.142;0;48555.444;51264.791;282334.721;174838.076;0;0;10573.873;94027.03;0;0;0;0;0;0;0;0;0;0;0;0;0;0;0
1602030;TULUNG SELAPAN;94938.933;80259.992;121141.01;2220.611;86314.462;108422.594;0;33.919;14555.939;0;0;0;0;0;0;0;0;0;0;0;0;0;0;0;0
1602031;CENGAL;177209.306;37293.53;53030.58;28858.663;85078.689;200738.872;0;1212.986;8538.855;0;0;0;0;0;0;0;0;0;0;0;0;0;0;0;0
1602040;PEDAMARAN;96130.444;19971.69;9683.36;0;391239.082;21367.223;0;38.728;3627.61;54028.505;310.349;1264.161;28762.003;0;0;0;0;0;0;0;0;0;0;0;0
1602041;PEDAMARAN TIMUR;95340.319;43895.452;42795.074;32699.36;532540.673;84153.105;0;0;5370.186;45918.38;0;0;0;0;0;0;0;0;0;0;0;0;0;0;0
1602050;TANJUNG LUBUK;70418.388;20823.987;4547.628;0;87444.688;105319.564;0;0;751.571;0;0;0;0;0;0;0;0;0;0;0;0;0;0;0;0
1602051;TELUK GELAM;70454.337;7210.927;5984.509;0;273834.824;78991.833;0;0;1227.16;0;0;0;20154.283;138.521;0;0;0;0;0;0;0;0;0;0;0
1602060;KOTA KAYU AGUNG;152187.089;43616.673;15756.416;0;113432.633;54075.947;0;0;5617.994;57097.728;9185.961;0;13921.33;0;0;0;0;0;0;0;0;0;0;0;0
1602120;SIRAH PULAU PADANG;25554.548;30762.12;0;0;1183.48;28754.301;0;0;1067.124;40364.404;0;0;0;0;0;0;0;0;0;0;0;0;0;0;0
1602121;JEJAWI;30636.687;35289.101;11062.195;0;9907.249;85137.279;257.785;0;16700.359;55893.837;10617.741;0;0;0;0;0;0;0;0;0;0;0;0;0;0
1602130;PAMPANGAN;27793.437;63714.274;10146.414;0;15492.356;38598.118;0;0;2751.981;0;0;0;0;0;0;0;0;0;0;0;0;0;0;0;0
1602131;PANGKALAN LAPAM;39309.868;72853.461;2109.239;0;111352.371;116995.237;0;0;276.796;0;0;0;0;0;0;0;0;0;0;0;0;0;0;0;0
1602140;AIR SUGIHAN;263001.233;0;109263.248;0;33733.143;307475.277;0;0;21899.937;0;0;0;0;0;0;0;0;0;0;0;0;0;0;0;0
1603010;SEMENDO DARAT LAUT;9100.76;35787.202;9351.298;44881.942;12681.006;20715.596;0;0;921.939;0;0;0;0;0;0;0;0;0;0;0;0;0;0;0;0
1603011;SEMENDO DARAT ULU;16923.924;0;5229.254;30002.39;24598.124;67691.38;0;16002.518;0;0;0;0;0;0;0;0;0;0;0;0;0;0;0;0;0
1603012;SEMENDO DARAT TENGAH;6313.642;0;318.317;21393.773;15974.827;39370.924;0;0;0;0;0;0;0;0;0;0;0;0;0;0;0;0;0;0;0
1603020;TANJUNG AGUNG;24482.733;0;131463.187;1794.335;1992.447;67558.464;76.503;0;0;0;0;0;33414.784;0;0;0;0;0;0;0;0;0;0;0;0
1603021;PANANG ENIM;6111.837;20851.378;797.547;37873.882;1634.643;9572.495;0;0;0;0;0;0;11460.425;0;0;0;0;0;0;0;0;0;0;0;0
1603031;RAMBANG;52316.684;0;124292.121;66652.073;14498.234;92492.866;0;0;0;0;0;0;0;0;0;0;132845.977;0;0;0;0;0;0;0;0
1603032;LUBAI;78636.892;0;80092.276;28253.407;92794.697;176395.806;0;0;2837.954;0;0;0;0;0;31719.491;0;0;0;0;0;0;0;0;0;0
1603033;LUBAI ULU;175805.756;0;167180.701;0;83943.967;242727.851;0;0;485.098;0;0;0;0;0;33952.246;0;0;0;0;0;0;0;0;0;0
1603040;LAWANG KIDUL;152755.599;0;215000.695;24998.005;6656.277;31670.179;5798.747;0;1606.421;0;0;0;22846.654;0;0;0;0;0;0;23.796;0;0;0;0;0
1603050;MUARA ENIM;207317.264;0;70894.903;20577.932;4150.637;64454.36;5632.23;0;277.261;0;0;0;13576.515;0;14882.386;0;89353.126;0;83.442;26.519;128.744;0;0;0;0
1603051;UJAN MAS;25130.434;0;156086.215;30411.142;0;170982.198;0;0;239.23;0;0;0;0;0;27074.562;0;89353.126;0;0;0;0;0;0;0;0
1603060;GUNUNG MEGANG;71411.258;0;74428.054;27922.661;26372.689;231028.102;0;297.62;0;0;0;0;0;0;31846.568;0;89353.126;0;0;0;0;0;0;0;0
1603061;BENAKAT;21447.115;0;201745.206;27661.221;509.072;200300.616;0;0;0;0;0;0;0;0;0;0;0;0;0;0;0;0;0;0;0
1603062;BELIMBING;26981.692;0;36806.587;15191.586;0;7086.094;0;0;0;0;0;0;0;0;23626.202;0;0;0;0;0;0;0;0;0;0
1603070;RAMBANG NIRU;124878.764;0;210753.645;105303.127;7622.041;188182.899;0;0;0;0;0;0;0;0;30754.907;0;89353.126;0;0;0;0;0;0;0;0
1603071;EMPAT PETULAI DANGKU;44563.071;0;56948.379;56212.034;12427.554;29647.39;0;0;149.905;0;0;0;0;0;0;0;0;0;0;0;0;0;0;0;0
1603090;GELUMBANG;177487.17;0;33435.716;96641.783;118343.704;71697.066;0;0;131.123;0;0;0;0;0;42177.468;0;0;0;0;0;0;0;0;0;0
1603091;LEMBAK;32321.162;0;15738.178;53697.954;3869.673;55292.19;0;0;129.041;0;0;0;0;0;11506.17;0;0;0;0;0;0;0;0;0;0
1603092;SUNGAI ROTAN;42089.191;0;21467.56;82632.834;0;7187.765;0;0;4122.588;0;0;0;0;0;0;0;0;0;0;0;0;0;0;0;0
1603093;MUARA BELIDA;25189.404;0;645.876;0;161998.409;32364.141;0;0;9155.264;0;0;0;0;0;0;0;0;0;0;0;0;0;0;0;0
1603094;KELEKAR;21731.504;0;1936.943;29079.758;10537.575;12613.445;0;150.89;0;0;0;0;0;0;0;0;53230.961;0;0;0;0;0;0;0;0
1603095;BELIDA DARAT;36755.559;0;2186.807;42507.496;1877.733;28733.016;0;0;0;0;0;0;0;0;0;0;46551.638;0;0;0;0;0;0;0;0
1604011;TANJUNG SAKTI PUMI;11210.748;52718.079;3324.902;6214.793;205.46;737.427;0;0;0;0;0;0;0;0;0;0;0;0;0;0;0;0;0;0;0
1604012;TANJUNG SAKTI PUMU;9403.953;0;1028.906;8653.165;7384.472;4400.401;0;0;0;0;0;0;0;0;0;0;0;0;0;0;0;0;0;0;0
1604040;KOTA AGUNG;14215.572;21435;8312.963;0;38179.011;99217.04;0;16002.518;0;0;0;0;0;0;0;0;0;0;0;0;0;0;0;0;0
1604041;MULAK ULU;7831.145;25685.422;0;0;9208.018;34032.52;0;0;996.685;0;0;0;0;0;0;0;0;0;0;0;0;0;0;0;0
1604042;TANJUNG TEBAT;9585.931;10715.087;1136.857;0;1167.915;48985.524;0;0;35.686;0;0;0;0;0;20381.149;0;0;0;0;0;0;0;0;0;0
1604043;MULAK SEBINGKAI;3585.188;0;91.789;0;4956.511;30898.646;0;0;0;0;0;0;0;0;0;0;0;0;0;0;0;0;0;0;0
1604050;PULAU PINANG;19016.027;0;5378.16;0;1952.749;45132.835;0;0;842.467;0;0;0;0;0;27475.691;0;0;0;0;0;0;0;0;0;0
1604051;PAGAR GUNUNG;10268.49;0;1375.123;6574.066;6230.35;53233.758;0;0;0;0;0;0;0;0;12896.168;0;0;0;0;0;0;0;0;0;0
1604052;GUMAY ULU;16863.87;0;984.018;0;4295.707;75855.684;0;0;0;0;0;0;0;0;0;0;0;0;0;0;0;0;0;0;0
1604060;JARAI;27940.241;0;1375.513;0;1852.977;22771.547;0;0;0;0;0;0;0;0;11179.265;0;0;0;0;0;0;0;0;0;0
1604061;PAJAR BULAN;29591.23;0;1001.797;0;16130.383;89356.837;320.444;0;0;0;0;0;0;0;0;0;0;0;0;0;0;0;0;0;0
1604062;MUARA PAYANG;6665.444;0;0;0;0;20119.047;0;0;0;0;0;0;0;0;17075.639;0;0;0;0;0;0;0;0;0;0
1604063;SUKAMERINDU;19664.363;0;1118.259;0;8600.467;13042.218;0;0;0;0;0;0;0;0;4800.367;0;0;0;0;0;0;0;0;0;0
1604111;KIKIM BARAT;61659.017;0;47190.289;24337.802;4743.226;102004.216;0;0;291.974;0;0;0;14669.873;0;0;0;0;0;0;0;0;0;0;0;0
1604112;KIKIM TIMUR;75637.914;0;155654.274;0;2748.132;221098.51;0;0;245.635;0;0;0;21809.553;0;0;0;0;0;0;0;0;0;0;0;0
1604113;KIKIM SELATAN;15495.088;0;12471.506;0;7695.913;88393.435;0;0;294.86;0;0;0;5357.417;0;0;0;0;0;0;0;0;0;0;0;0
1604114;KIKIM TENGAH;25587.91;0;23608.249;24302.954;0;30938.56;0;0;0;0;0;0;18525.264;0;0;0;0;0;0;0;0;0;0;0;0
1604120;LAHAT;287562.021;10645.531;100726.325;9720.372;0;57223.218;0;0;815.901;0;0;0;17040.389;48.637;14795.023;0;0;0;18.465;0;0;0;0;0;0
1604121;GUMAY TALANG;29896.373;0;48659.436;0;8147.912;75902.971;0;0;0;0;0;0;19238.463;0;0;0;0;0;0;0;0;0;0;0;0
1604122;PSEKSU;5624.571;0;0;0;249.082;40178.86;0;0;0;0;0;0;0;0;0;0;0;0;0;0;0;0;0;0;0
1604123;LAHAT SELATAN;40211.253;0;26845.075;23287.82;5655.359;16454.075;0;0;624.636;0;0;0;0;0;0;0;0;0;0;0;0;0;0;0;0
1604131;MERAPI BARAT;47146.191;0;128107.604;8219.127;4997.936;343.785;0;0;1878.952;0;0;0;24471.181;0;0;0;0;0;0;0;0;0;0;0;0
1604132;MERAPI TIMUR;49186.348;0;254959.354;25345.999;7897.7;82457.593;0;0;1974.378;0;0;0;23688.6;86.379;0;0;89353.126;0;0;0;0;0;0;0;0
1604133;MERAPI SELATAN;2893.637;0;10381.193;30821.848;665.977;4841.909;0;0;0;0;0;0;0;0;0;0;0;0;0;0;0;0;0;0;0
1605030;SUKU TENGAH LAKITAN ULU;82225.765;13018.465;13691.16;0;873.479;98721.981;0;0;0;0;0;0;21722.019;0;0;0;0;0;0;0;0;0;0;0;0
1605031;SELANGIT;26267.012;0;8883.643;0;3328.517;38118.459;0;0;0;0;0;0;15134.46;0;0;0;0;0;0;0;0;0;0;0;0
1605032;SUMBER HARTA;77423.99;9821.042;1442.911;19815.41;0;33653.587;0;0;0;0;0;0;0;0;0;0;0;0;0;0;0;0;0;0;0
1605040;TUGUMULYO;176943.292;16392.097;4529.829;8070.304;4660.657;56023.169;0;0;90.271;0;0;0;0;0;0;0;0;0;0;0;0;0;0;0;0
1605041;PURWODADI;69831.861;8781.215;1164.874;19771.647;0;32223.567;0;0;0;0;0;0;0;0;0;0;0;0;0;0;0;0;0;0;0
1605050;MUARA BELITI;77576.045;11696.032;37155.391;26880.347;2568.378;69694.652;0;262.75;191.023;0;0;0;12997.679;0;4685.955;0;0;0;0;12.002;0;0;0;0;0
1605051;TIANG PUMPUNG KEPUNGUT;13144.653;0;23586.907;0;1708.252;41585.992;0;0;0;0;0;0;30340.821;0;0;0;0;0;0;0;0;0;0;0;0
1605060;JAYALOKA;39972.742;0;18626.044;0;1454.159;110466.132;0;0;0;0;0;0;0;0;0;0;0;0;0;0;0;0;0;0;0
1605061;SUKA KARYA;35899.07;0;21248.961;0;1910.299;79229.472;0;0;0;0;0;0;0;0;0;0;0;0;0;0;0;0;0;0;0
1605070;MUARA KELINGI;138098.426;0;74306.925;25258.99;88132.369;171935.316;0;0;160.371;0;0;0;0;0;33802.51;0;0;0;0;0;0;0;0;0;0
1605071;BULANG TENGAH SUKU ULU;98931.777;0;153670.055;0;8950.308;359192.93;0;0;236.881;0;0;0;0;0;0;0;0;0;0;0;0;0;0;0;0
1605072;TUAH NEGERI;62632.786;0;32008.863;0;0;72089.102;0;0;0;0;0;0;0;0;23732.314;0;0;0;0;0;0;0;0;0;0
1605080;MUARA LAKITAN;102277.489;0;552002.513;31937.326;68317.74;465090.865;71.13;0;0;0;0;0;0;0;28843.715;0;0;0;0;0;0;0;0;0;0
1605090;MEGANG SAKTI;185305.115;0;13391.577;24733.233;30723.67;204022.44;0;0;0;0;0;0;0;0;0;0;0;0;0;0;0;0;0;0;0
1606010;SANGA DESA;35598.961;0;175865.604;50581.852;30256.88;86957.296;389.804;0;0;0;0;0;0;0;40872.619;0;0;0;0;0;0;0;0;0;0
1606020;BABAT TOMAN;50465.056;0;154344.396;60296.554;28049.552;33826.252;269.36;0;270.632;0;0;0;0;0;32146.379;0;0;0;0;0;0;0;0;0;0
1606021;BATANGHARI LEKO;57114.824;8944.113;90330.269;177810.459;457472.318;158109.957;353.953;0;28243.609;0;0;0;0;0;0;0;0;0;0;0;0;0;0;0;0
1606022;PLAKAT TINGGI;80742.091;0;82536.19;29844.663;7336.482;132112.949;0;0;0;0;0;0;0;0;0;0;0;0;0;0;0;0;0;0;0
1606023;LAWANG WETAN;35340.252;13497.336;70069.877;0;10728.141;124549.555;0;0;0;0;0;0;0;0;23847.865;0;0;0;0;0;0;0;0;0;0
1606030;SUNGAI KERUH;12652.337;31984.392;45130.476;51113.709;6892.829;110517.08;0;0;0;0;0;0;0;0;42727.757;0;0;0;0;0;0;0;0;0;0
1606031;JIRAK JAYA;25413.967;0;14372.815;0;37493.086;142087.046;0;0;0;0;0;0;0;0;0;0;0;0;0;0;0;0;0;0;0
1606040;SEKAYU;125739.092;11488.694;66529.749;74220.06;20002.818;121579.678;115.125;0;0;0;0;0;0;0;90917.727;0;0;0;30.371;0;0;2106.338;0;0;0
1606041;LAIS;115298.989;0;67838.679;58016.385;6973.536;121909.123;0;0;148.358;0;0;0;0;0;37081.519;0;0;0;0;0;0;0;0;0;0
1606090;SUNGAI LILIN;267070.824;0;48425.08;43903.388;8645.411;135572.095;0;0;0;0;0;0;36576.067;0;0;0;0;0;0;0;0;0;0;0;0
1606091;KELUANG;157284.285;0;21333.557;37158.01;3235.963;170930.139;0;0;0;0;0;0;0;0;0;0;0;0;0;0;0;0;0;0;0
1606092;BABAT SUPAT;168594.728;0;80785.737;50421.367;7077.157;121385.028;0;0;0;0;0;0;36844.402;0;0;40175.821;0;0;0;0;0;0;0;0;0
1606100;BAYUNG LENCIR;356292.898;0;644846.384;209789.372;550296.066;517785.416;790.746;0;8959.063;0;0;0;59640.78;0;0;0;0;0;0;0;0;0;0;0;0
1606101;LALAN;571134.679;0;100666.365;22862.851;64271.754;275040.024;0;0;175.706;0;0;0;0;0;0;0;0;0;0;0;0;0;0;0;0
1606102;TUNGKAL JAYA;291472.383;0;176882.608;157532.025;111466.333;245553.417;396.018;0;0;0;0;0;36377.843;0;0;0;0;0;0;0;0;0;0;0;0
1607010;RANTAU BAYUR;73305.534;0;10820.82;116922.317;19213.269;81078.257;0;0;8229.653;0;0;0;0;0;0;0;0;0;0;0;0;0;0;0;0
1607020;BETUNG;175073.548;0;41946.735;10194.046;12783.123;102069.078;0;0;0;0;0;0;28142.29;0;5958.318;40175.821;0;0;0;0;0;0;0;0;0
1607021;SUAK TAPEH;53596.275;0;192656.222;17528.374;18483.002;68845.582;0;0;387.804;0;0;0;18712.724;0;0;40175.821;12670.263;0;0;0;0;0;0;0;0
1607030;PULAU RIMAU;185337.771;0;32659.258;0;85070.574;161023.084;0;0;501.142;0;0;0;0;0;0;0;0;0;0;0;0;0;0;0;0
1607031;TUNGKAL ILIR;204421.417;0;62350.027;34076.362;25609.959;183646.107;0;0;986.229;0;0;0;0;0;0;0;0;0;0;0;0;0;0;0;0
1607032;SELAT PENUGUAN;212031.227;0;48004.252;0;36968.855;121267.523;0;0;886.09;0;0;0;0;0;0;0;0;0;0;0;0;0;0;0;0
1607040;BANYUASIN III;128154.95;18772.523;67138.753;82740.896;1864.254;58685.174;0;0;1164.001;0;0;0;33465.922;0;0;0;108058.326;122.799;0;0;0;0;0;0;0
1607041;SEMBAWA;178246.912;0;46363.082;21431.784;2771.474;64202.01;0;0;0;0;0;0;22760.339;0;0;0;95388.063;0;0;0;0;0;0;0;0
1607050;TALANG KELAPA;696264.411;6303.499;230719.333;62185.519;55126.324;107814.547;1431.444;91.343;5273.903;0;0;0;12328.792;0;12713.454;0;95388.063;0;0;0;0;0;0;0;0
1607051;TANJUNG LAGO;242766.718;0;48337.558;15069.154;148311.252;196945.255;0;0;12982.385;0;0;0;0;0;24368.774;0;0;0;0;0;0;0;0;0;0
1607060;BANYUASIN I;216072.566;0;64599.165;28813.235;14948.414;43395.583;0;0;3906.352;0;0;0;0;0;0;0;0;0;0;0;0;0;0;0;0
1607061;AIR KUMBANG;235449.875;0;34046.455;42366.604;13814.036;66823.555;0;0;179.359;0;0;0;0;0;0;0;0;0;0;0;0;0;0;0;0
1607070;RAMBUTAN;230350.185;70243.081;77899.284;5077.779;46709.085;61796.198;2587.329;968.764;6256.018;0;0;0;0;0;5810.598;0;0;76.842;0;0;0;0;0;0;0
1607080;MUARA PADANG;200194.344;0;16436.124;46421.433;5716.013;156383.246;0;0;29810.8;0;0;0;0;0;0;0;0;0;0;0;0;0;0;0;0
1607081;MUARA SUGIHAN;253395.422;0;3619.364;0;26911.795;216517.594;0;0;10153.054;0;0;0;0;0;0;0;0;0;0;0;0;0;0;0;0
1607090;MAKARTI JAYA;173527.125;0;39.49;0;31612.68;35112.55;0;0;944.722;0;0;0;0;0;0;0;0;0;0;0;0;0;0;0;0
1607091;AIR SALEK;218845.925;0;4209.955;0;24236.245;122747.36;0;0;36369.612;0;0;0;0;0;0;0;0;0;0;0;0;0;0;0;0
1607100;BANYUASIN II;68302.638;0;47317.487;1526.214;97419.2;86416.695;0;87.308;8371.874;0;0;0;0;0;22998.12;0;0;0;0;0;0;0;0;0;0
1607101;KARANG AGUNG ILIR;168149.938;0;532.299;0;12332.456;9822.262;0;0;0;0;0;0;0;0;0;0;0;0;0;0;0;0;0;0;0
1607110;MUARA TELANG;242805.32;0;29659.467;0;7627.52;177243.149;0;0;30227.142;0;0;0;0;0;0;0;0;0;0;0;0;0;0;0;0
1607111;SUMBER MARGA TELANG;59427.433;0;10905.065;0;15839.028;64846.01;0;0;279.555;0;0;0;0;0;22346.647;0;0;0;0;0;0;0;0;0;0
1608010;MEKAKAU ILIR;39387.157;37160.381;3692.705;0;197028.813;17177.456;0;0;0;0;0;0;0;0;0;0;0;0;0;0;0;0;0;0;0
1608020;BANDING AGUNG;88831.077;25096.278;7565.21;0;44584.369;45397.403;0;0;0;0;0;0;0;0;0;0;0;0;0;0;0;0;0;0;0
1608021;WARKUK RANAU SELATAN;70288.58;20406.195;1090.764;34936.79;63192.674;42968.958;0;0;279.061;0;0;0;0;0;0;0;0;0;0;0;15.835;0;0;0;0
1608022;BUAY PEMATANG RIBU RANAU TENGAH;69963.322;44798.21;371.003;0;72667.681;38420.765;209.507;96.323;157.465;0;0;0;0;0;0;0;0;0;0;0;0;0;0;0;0
1608030;BUAY PEMACA;108062.695;0;2859.466;40155.7;273203.854;185723.236;0;0;0;0;0;0;0;0;0;0;0;0;0;0;0;0;0;0;0
1608040;SIMPANG;27258.314;31741.459;7409.805;16096.098;24756.814;45627.964;0;0;0;0;0;0;0;0;0;0;0;0;0;0;0;0;0;0;0
1608041;BUANA PEMACA;34411.756;15807.693;4602.573;21450.2;23390.709;52380.194;0;0;0;0;0;0;0;0;0;0;0;0;0;0;0;0;0;0;0
1608050;MUARADUA;99982.277;24173.452;10157.429;21735.702;33425.265;44259.634;803.499;0;1296.631;0;0;0;0;0;0;0;0;0;0;0;0;0;0;0;0
1608051;BUAY RAWAN;67228.988;23576.796;13502.104;1813.224;27672.322;28813.294;0;0;0;0;0;0;0;0;0;0;0;0;0;0;0;0;0;0;0
1608060;BUAY SANDANG AJI;13868.263;43139.449;0;34253.099;13974.052;15489.243;0;0;116.201;0;0;0;0;0;0;0;0;0;0;0;0;0;0;0;0
1608061;TIGA DIHAJI;7781.159;12708.586;34005.27;0;85356.278;10974.948;0;0;0;0;0;0;0;0;0;0;0;0;0;0;0;0;0;0;0
1608070;BUAY RUNJUNG;8836.862;0;532.36;25585.33;13635.498;45373.369;0;0;0;0;0;0;0;0;0;0;0;0;0;0;0;0;0;0;0
1608071;RUNJUNG AGUNG;8746.363;0;192.575;0;16754.423;42140.107;0;0;0;0;0;0;0;0;0;0;0;0;0;0;0;0;0;0;0
1608080;KISAM TINGGI;12383.446;0;13924.703;0;87822.608;141736.243;0;0;0;0;0;0;0;0;0;0;0;0;0;0;0;0;0;0;0
1608090;MUARADUA KISAM;12858.374;0;180.762;32860.817;102310.579;44731.457;0;0;0;0;0;0;0;0;0;0;0;0;0;0;0;0;0;0;0
1608091;KISAM ILIR;6959.894;7137.042;0;14774.381;30032.266;21673.378;0;0;0;0;0;0;0;0;0;0;0;0;0;0;0;0;0;0;0
1608100;PULAU BERINGIN;18204.427;60562.759;86.566;0;94868.77;10614.624;0;0;0;0;0;0;0;0;0;0;0;0;0;0;0;0;0;0;0
1608101;SINDANG DANAU;16319.852;25179.112;651.538;5344.93;11630.939;8839.461;0;0;0;0;0;0;0;0;0;0;0;0;0;0;0;0;0;0;0
1608102;SUNGAI ARE;25101.829;33673.718;659.414;0;56510.728;24410.451;0;0;0;0;0;0;0;0;0;0;0;0;0;0;0;0;0;0;0
1609010;MARTAPURA;250142.785;47549.976;27427.869;35343.658;91895.731;35939.803;0;0;4610.202;0;0;0;24795.938;77.886;0;0;0;13.344;0;23.341;0;1513.733;0;0;0
1609011;BUNGA MAYANG;51534.337;26675.1;5328.54;0;29108.528;21983.617;0;0;0;0;0;0;0;0;0;0;0;0;0;0;0;0;0;0;0
1609012;JAYA PURA;39131.895;0;28328.697;37919.336;43538.209;88837.161;0;0;0;0;0;0;0;0;0;0;0;0;0;0;0;0;0;0;0
1609020;BUAY PEMUKA PELIUNG;111925.634;42390.962;3670.197;17280.339;131706.952;76045.594;639.117;0;803.364;0;0;0;9342.738;0;0;0;0;0;0;0;0;0;0;0;0
1609030;BUAY MADANG;145071.984;100517.358;1361.52;9147.23;29182.289;76408.711;0;0;0;0;0;0;0;0;0;0;0;0;0;0;0;0;0;0;0
1609031;BUAY MADANG TIMUR;258806.199;48425.767;1035.557;29260.754;17088.319;121984.689;0;0;0;0;0;0;0;0;0;0;0;0;0;0;0;0;0;0;0
1609032;BUAY PEMUKA BANGSA RAJA;51310.977;39597.917;2539.347;0;29766.725;67680.142;0;0;0;0;0;0;0;0;0;0;0;0;0;0;0;0;0;290.849;0
1609040;MADANG SUKU II;75706.73;39597.917;11010.383;0;36169.88;116389.552;0;0;0;0;0;0;0;0;0;0;0;0;0;0;0;0;0;0;0
1609041;MADANG SUKU III;103443.359;0;4402.366;0;20419.882;130148.568;0;0;0;0;0;0;0;0;0;0;0;0;0;0;0;0;0;0;0
1609050;MADANG SUKU I;169314.406;78084.697;17201.247;4573.243;4015.952;75254.788;0;0;0;0;0;0;0;0;0;0;0;0;0;0;0;0;0;0;0
1609051;BELITANG MADANG RAYA;212591.254;79244.682;5031.459;8625.663;1623.437;73682.698;0;0;72.775;0;0;0;0;0;0;0;0;0;0;0;0;0;0;0;0
1609060;BELITANG;222845.16;78011.353;4732.964;33186.103;1430.528;23086;2134.739;51.291;1183.942;0;0;0;0;0;0;0;0;0;0;0;0;0;187.709;0;0
1609061;BELITANG JAYA;123165.016;0;24327.457;56038.296;898.094;25261.775;0;0;0;0;0;0;0;0;0;0;0;0;0;0;0;0;0;0;0
1609070;BELITANG III;177882.482;59602.229;1738.677;51325.244;0;32917.949;0;0;698.773;0;0;0;0;0;0;0;0;0;0;0;0;0;0;0;0
1609080;BELITANG II;238558.769;38842.087;5894.788;57068.949;10407.067;35809.522;0;0;0;0;0;0;0;0;0;0;0;0;0;0;0;0;0;0;0
1609081;BELITANG MULYA;96158.311;38842.087;2648.522;14681.821;546.348;19498.042;0;0;0;0;0;0;0;0;0;0;0;0;0;0;0;0;0;0;0
1609090;SEMENDAWAI SUKU III;166513.303;38842.087;5132.21;50558.703;3076.077;75377.093;0;0;0;0;0;0;0;0;0;0;0;0;0;0;0;0;0;0;0
1609091;SEMENDAWAI TIMUR;170293.819;38842.087;2276.213;0;7822.892;151063.847;0;0;825.348;0;0;0;0;0;0;0;0;0;0;0;0;0;0;0;0
1609100;CEMPAKA;91302.707;36671.069;46224.25;20186.151;233991.184;64249.346;0;0;483.104;0;0;0;0;0;0;0;0;0;0;0;0;0;0;0;0
1609101;SEMENDAWAI BARAT;61035.765;44440.802;14672.106;28600.471;25876.417;138728.6;0;0;445.83;0;0;0;0;0;0;0;0;0;0;0;0;0;0;0;0
1610010;MUARA KUANG;32420.84;0;864.023;49844.561;38338.653;76709.62;0;0;0;0;0;0;0;0;0;0;0;0;0;0;0;0;0;0;0
1610011;RAMBANG KUANG;56215.686;0;68539.91;63193.514;46564.991;392263.738;0;0;0;0;0;0;0;0;0;0;90044.489;0;0;0;0;0;0;0;0
1610012;LUBUK KELIAT;56248.986;0;14501.823;59938.375;18001.524;97537.968;0;0;953.201;0;0;0;0;0;0;0;0;0;0;14.267;0;0;0;0;0
1610020;TANJUNG BATU;92788.1;0;10002.238;67905.566;106354.243;51066.767;0;0;0;0;0;0;0;0;0;0;53230.961;0;0;0;0;0;0;0;0
1610021;PAYARAMAN;51104.747;0;2630.985;81649.881;12966.493;30526.013;0;0;0;0;0;0;0;0;0;0;99782.599;0;0;0;0;0;0;0;0
1610030;RANTAU ALAI;29129.899;0;4737.418;12254.087;19955.745;35209.016;0;0;2973.293;0;0;0;0;0;0;0;0;0;0;0;0;0;0;0;0
1610031;KANDIS;14001.76;0;504.334;0;8836.672;41094.834;0;0;4039.683;0;0;0;0;0;0;0;0;0;0;0;0;0;0;0;0
1610040;TANJUNG RAJA;54241.209;0;4480.663;17356.372;9350.836;53907.238;0;0;439.869;0;0;0;11140.475;0;0;0;0;0;0;0;0;0;0;0;0
1610041;RANTAU PANJANG;50114.826;0;304.633;0;1648.147;51928.481;0;0;649.323;0;0;0;0;0;0;0;0;0;0;0;0;0;0;0;0
1610042;SUNGAI PINANG;25095.817;0;222.631;0;0;50275.741;0;0;4202.778;0;0;0;12035.717;0;0;0;0;0;0;0;0;0;0;0;0
1610050;PEMULUTAN;60107.845;0;15606.877;22054.701;12474.153;83553.972;0;0;10286.658;41560.032;11065.806;0;20285.722;0;12019.664;0;4276.348;0;21.415;0;0;0;0;0;0
1610051;PEMULUTAN SELATAN;32345.465;0;496.565;0;5863.14;79114.085;257.785;0;19262.785;0;0;0;0;0;0;0;0;0;0;0;0;0;0;0;0
1610052;PEMULUTAN BARAT;12339.281;0;2417.337;15913.636;44626.096;36388.67;0;0;729.846;20930.312;7008.092;0;4877.801;0;0;0;2975.431;0;0;0;0;0;0;0;0
1610060;INDRALAYA;90323.133;0;31093.519;52459.07;20203.367;70894.693;0;180.301;612.827;12936.458;85.161;0;12256.163;134.964;5303.744;0;74016.428;0;0;0;0;0;0;0;0
1610061;INDRALAYA UTARA;206332.093;0;47864.803;8140.524;718662.504;104202.207;0;180.301;8338.426;6753.574;6289.825;0;30946.536;58.101;36806.632;0;115309.044;0;0;0;0;0;0;0;0
1610062;INDRALAYA SELATAN;33669.884;0;1169.916;7665.809;6933.195;12983.704;15.277;0;62.11;0;0;0;14573.951;0;0;0;0;0;0;0;0;0;0;0;0
1611010;MUARA PINANG;19448.592;0;4159.684;0;2533.009;59552.443;0;0;0;0;0;0;0;0;21551.437;0;0;0;0;0;0;0;0;0;0
1611020;LINTANG KANAN;25301.482;0;26755.989;0;16332.299;54998.417;2663.128;0;0;0;0;0;0;0;0;0;0;0;0;0;0;0;0;0;0
1611030;PENDOPO;35975.339;24959.358;41192.538;0;17799.194;38002.588;0;0;0;0;0;0;0;0;17573.588;0;0;0;0;0;0;0;0;0;0
1611031;PENDOPO BARAT;15396.392;15181.613;14043.168;0;1747.641;66468.092;0;0;0;0;0;0;0;0;18056.774;0;0;0;0;0;0;0;0;0;0
1611040;PASEMAH AIR KERUH;21651.895;0;2474.431;0;4852.063;74610.204;0;0;0;0;0;0;0;0;0;0;0;0;0;0;0;0;0;0;0
1611050;ULU MUSI;39154.118;0;9491.77;0;12881.19;139553.333;0;0;549.204;0;0;0;0;0;19499.039;0;0;0;0;0;0;0;0;0;0
1611051;SIKAP DALAM;19661.142;0;1310.811;0;15413.027;103804.896;0;0;264.909;0;0;0;0;0;20730.678;0;0;0;0;0;0;0;0;0;0
1611060;TALANG PADANG;11021.75;36157.456;26826.462;0;552.752;59687.131;0;0;0;0;0;0;0;0;0;0;0;0;0;0;0;0;0;0;0
1611070;TEBING TINGGI;67140.293;42107.04;16827.663;9228.093;8120.91;89476.076;0;0;713.521;0;0;0;17931.744;0;0;0;0;0;0;0;0;0;0;0;0
1611071;SALING;10993.198;0;1290.574;12725.496;5312.022;9746.951;282.357;0;238.763;0;0;0;31736.203;0;0;0;0;0;0;0;0;0;0;0;0
1612010;TALANG UBI;155461.331;34363.715;184826.401;67668.176;31563.492;278518.33;0;0;0;0;0;0;0;0;48591.51;0;0;0;0;0;0;0;0;0;0
1612020;TANAH ABANG;51368.265;0;3754.57;103405.306;4163.166;22102.469;0;0;0;0;0;0;0;0;0;0;0;0;0;0;0;0;0;0;0
1612030;ABAB;21468.412;0;175704.141;60096.047;0;65490.346;0;0;0;0;0;0;0;0;0;0;0;0;0;0;0;0;0;0;0
1612040;PENUKAL;24121.186;76487.785;55866.953;73862.908;12544.693;93834.891;0;0;0;0;0;0;0;0;0;0;0;0;0;0;0;0;0;0;0
1612050;PENUKAL UTARA;3825.886;31984.392;134380.621;33919.211;10144.598;69205.321;0;0;0;0;0;0;0;0;0;0;0;0;0;0;0;0;0;0;0
1613010;ULU RAWAS;7924.348;23663.189;324.911;17222.04;388.004;173.828;1285.204;0;0;0;0;0;0;0;0;0;0;0;0;0;0;0;0;0;0
1613020;KARANG JAYA;23614.708;0;33942.515;38201.977;5597.247;83668.516;0;0;0;0;0;0;32476.765;0;0;0;0;0;0;0;0;0;0;0;0
1613030;RAWAS ULU;47510.909;46390.442;11223.496;12358.065;60260.408;6480.968;2902.995;0;0;0;0;0;24770.744;0;0;0;0;0;0;0;0;0;0;0;0
1613040;RUPIT;61814.176;5541.385;59826.481;33653.09;4258.051;24454.028;0;0;117.757;0;0;0;56359.181;40.335;0;0;0;0;0;0;0;0;0;0;0
1613050;KARANG DAPO;36770;21648.255;76089.907;35307.399;52274.333;58530.478;259.425;0;1910.105;0;0;0;0;0;0;0;0;0;0;0;0;0;0;0;0
1613060;RAWAS ILIR;30473.527;19383.541;126765.122;109377.113;172268.315;115213.525;2683.561;0;41385.407;0;0;0;0;0;0;0;0;0;0;0;0;0;0;0;0
1613070;NIBUNG;71489.372;30097.986;56154.753;53628.189;227055.236;33474.852;1237.248;0;5286.228;0;0;0;0;0;0;0;0;0;0;0;0;0;0;0;0
1671010;ILIR BARAT II;65017.842;867.392;6232.625;9390.46;0;2459.541;288.787;264.52;954.038;0;0;0;0;0;111.535;0;0;0;0;0;0;0;0;9.227;0
1671011;GANDUS;144307.372;0;20175.612;40568.664;9919.153;41799.896;1927.792;921.284;2892.262;0;0;0;10960.113;0;0;0;95388.063;0;186.039;0;0;0;0;0;0
1671020;SEBERANG ULU I;66883.257;0;6280.65;7093.136;821.237;3104.012;1273.711;986.677;759.189;0;0;0;0;83.706;8580.647;0;47.586;0;225.429;0;0;0;0;12.417;0
1671021;KERTAPATI;139763.266;0;36897.037;2816.969;8422.045;21330.267;363.973;333.023;4273.098;0;1913.542;0;26813.019;1064.387;8077.664;0;95660.293;0;17.481;0;0;0;0;0;0
1671022;JAKABARING;162182.836;5666.833;59292.847;12109.141;4520.942;3696.458;925.35;1177.27;2347.896;0;0;0;0;0;19574.006;0;0;0;415.124;0;574.792;0;0;0;0
1671030;SEBERANG ULU II;141375.731;7665.32;6242.505;7642.734;659.059;3670.821;3533.519;206.969;380.851;0;0;0;0;0;0;0;0;31.108;0;0;0;0;0;0;0
1671031;PLAJU;157505.445;4720.274;44098.227;9890.111;3781.829;7977.839;2523.866;349.201;525.686;0;0;0;0;0;1899.882;0;0;6.005;18.179;0;210.62;0;0;0;0
1671040;ILIR BARAT I;361635.014;5151.646;43339.387;16315.167;145.795;20566.91;2815.158;825.891;5556.771;0;0;0;19641.435;369.918;14504.084;0;0;64.552;476.151;0;0;0;0;0;0
1671041;BUKIT KECIL;34368.457;4592.684;10672.676;7416.835;0;1988.173;852.794;1129.811;303.516;0;0;0;0;0;10701.252;0;31.135;10.678;240.171;0;1175.009;0;0;27.51;0
1671050;ILIR TIMUR I;85567.521;3558.652;14533.251;12433.034;86.128;7883.945;4878.391;352.239;364.132;0;0;0;0;0;20726.898;0;0;12.539;326.084;12.186;0;0;0;65.027;0
1671051;KEMUNING;130470.531;0;16093.738;9615.966;0;4500.73;3704.41;410.952;918.786;0;0;0;0;0;12358.01;0;0;0;395.787;0;197.821;0;0;64.797;0
1671060;ILIR TIMUR II;110603.837;0;13556.466;5200.988;443.114;5900.58;787.574;744.445;1536.959;0;0;0;0;0;11279.443;0;0;0;223.842;10.019;0;0;0;0;0
1671061;KALIDONI;330993.592;3054.806;40513.87;15682.965;3899.667;15713.458;1572.939;0;3047.619;0;0;307.882;0;0;9780.69;0;0;182.222;97.73;40.379;0;0;0;0;0
1671062;ILIR TIMUR TIGA;113529.812;5389.966;30782.959;14357.044;0;5274.556;1492.063;150.482;1254.373;0;0;0;0;0;8264.373;0;0;258.623;50.985;84.83;0;0;0;13.048;0
1671070;SAKO;312585.227;3897.927;14841.661;24465.357;3588.568;15748.166;602.285;0;2521.246;0;0;0;0;0;0;0;0;226.358;0;34.112;0;0;0;0;0
1671071;SEMATANG BORANG;215433.544;0;4649.741;12760.995;3843.55;17939.77;433.643;0;5464.01;0;0;0;0;0;0;0;0;0;0;0;0;0;0;0;0
1671080;SUKARAMI;663468.984;0;72458.2;44076.075;27324.835;50164.613;1483.123;859.571;5474.391;0;0;0;7963.647;66.428;23619.905;0;0;0;652.872;165.478;0;0;0;0;285.938
1671081;ALANG ALANG LEBAR;363676.988;0;54621.371;31817.874;12121.334;32053.846;1571.385;310.289;5852.866;0;0;0;21440.247;215.567;16803.121;0;0;0;235.98;161.339;0;0;0;0;0
1672010;RAMBANG KAPAK TENGAH;43764.826;15868.62;32149.1;15621.869;4137.507;83450.792;0;0;0;0;0;0;0;0;13989.735;0;43492.851;15.999;0;0;0;0;0;0;0
1672020;PRABUMULIH TIMUR;274742.241;25163.156;24418.681;57849.603;0;67879;0;796.1;0;0;0;0;0;0;18833.463;0;0;116.127;113.466;0;81.861;0;0;0;0
1672021;PRABUMULIH SELATAN;53166.661;35352.935;23737.178;27731.442;1877.733;34311.624;0;0;0;0;0;0;0;0;7164.661;0;0;16.053;0;0;0;0;0;0;0
1672030;PRABUMULIH BARAT;82300.618;15973.302;18575.357;51366.706;9995.486;21488.288;0;0;0;0;0;0;0;0;26470.422;0;0;0;7.895;0;0;0;0;0;0
1672031;PRABUMULIH UTARA;66272.809;0;3095.427;17014.359;0;13181.909;0;0;454.538;0;0;0;0;0;6359.722;0;0;0;0;0;75.536;0;0;0;0
1672040;CAMBAI;61206.718;2037.952;18398.521;20192.765;3497.836;69480.919;0;0;236.663;0;0;0;0;0;17795.573;0;0;15.756;0;0;0;0;0;0;0
1673010;DEMPO SELATAN;25453.2;0;7172.33;21208.945;22477.01;51159.005;0;16002.518;0;0;0;0;0;0;18765.499;0;0;0;0;33.784;0;0;0;0;0
1673011;DEMPO TENGAH;32670.258;22427.983;3754.175;0;3228.705;84068.907;0;0;116.164;0;0;0;0;0;7452.502;0;0;0;0;0;0;0;0;0;0
1673020;DEMPO UTARA;63529.425;25307.616;17835.234;26367.632;1350.994;48646.67;0;0;0;0;0;0;0;0;8756.69;0;0;22.322;0;0;0;0;0;0;0
1673030;PAGAR ALAM SELATAN;14489.926;5021.214;33133.744;19794.727;7201.321;12412.111;0;0;0;0;0;0;0;0;0;0;0;0;0;0;0;0;0;0;0
1673040;PAGAR ALAM UTARA;98466.538;20843.397;7360.806;32366.74;8630.706;24081.657;0;0;243.321;0;0;0;0;0;4648.98;0;0;61.584;0;59.529;0;0;0;0;0
1674011;LUBUK LINGGAU BARAT I;86078.809;0;6351.733;6702.376;1223.86;4095.796;279.146;0;143.733;0;0;0;0;0;6686.93;0;0;0;0;0;0;0;0;0;0
1674012;LUBUK LINGGAU BARAT II;37845.988;0;1194.35;798.471;0;4389.929;0;0;0;0;0;0;0;0;8746.079;0;0;0;0;0;0;0;0;0;0
1674021;LUBUK LINGGAU SELATAN I;51132.16;0;12895.884;0;0;47513.821;508.18;14.515;108.571;0;0;0;7433.384;0;0;0;0;0;0;0;0;0;0;0;0
1674022;LUBUK LINGGAU SELATAN II;84132.741;12057.983;7339.733;9969.998;229.049;6414.489;1252.527;297.444;193.258;0;0;0;13375.983;7.447;0;0;0;0;0;0;0;0;0;0;0
1674031;LUBUK LINGGAU TIMUR I;103795.141;0;12435.475;6615.459;0;5579.57;429.811;0;253.135;0;0;0;7354.914;0;0;0;0;0;0;0;0;0;0;0;0
1674032;LUBUK LINGGAU TIMUR II;55632.156;0;3688.911;5901.926;0;7513.544;355.88;0;0;0;0;0;8169.852;0;2052.774;0;0;0;8.251;0;0;0;0;0;0
1674041;LUBUK LINGGAU UTARA I;48613.09;0;17869.161;5323.489;1482.396;35137.278;0;0;0;0;0;0;11285.231;0;0;0;0;0;0;0;0;0;0;0;0
1674042;LUBUK LINGGAU UTARA II;79521.542;0;15860.68;18366.566;0;16399.112;314.19;0;0;0;0;0;14142.022;21.761;0;0;0;0;0;0;0;0;0;0;0
